UID,Email,Creation Time
2c591rs9ibUIWAyU1EhvHh8Dlcc2,ppppp@uncsystem.edu,1710743020221
9SCF3RFVKQcv0XZw0lNYIQksetZ2,kkkkk@ubsystem.edu,1710742593770
9WfpxKXEpqTlXjzTiVXxPtPQMy92,aaaaa@ucsystem.edu,1710739536783
HbgoaJGJwzbxlCxmhYD3QHmF5fr1,bbbbb@ubsystem.edu,1710739871969
HcbixbxBfVSfcohj2lqvRHuJO4l1,char@umsystem.edu,1710741566051
I2IxisRfaxTKD2kep2a4dP4xTJ22,danvy@umsystem.edu,1710888550870
I7z6Lci5FqNjKN1CsBMdeNzv1Zk2,udszm@umsystem.edu,1709515361403
IQoQI2Jh9dd7JUk4rq2frOv7gC23,rtusd@usfsystem.edu,1710741072729
KDqQzwyaB2VF0URGgkeZE2Ch4773,kun@umsystem.edu,1710741462236
MBhlY6WvOIdFjDnKmNMOtor2kPI3,sndzm@umsystem.edu,1709514785147
Md2dM80cvjOwpOXmd4MwkJ1jtdL2,ccccc@ubsystem.edu,1710739980165
N96vo3QuBHgalyOSa9ipjP5EuCe2,abcdea@udsystem.edu,1709849244727
QF4VDeXEPEV6a1RAq52lXgAw5iv1,sssss@umsystem.edu,1710740118800
ScHn8760SYOk8HXYxnlQUGF70Xi1,khan1@umsystem.edu,1710742054529
TQirCuJImybDcjgpJ4pyR4QrkQH3,sndss@umsystem.edu,1710741246602
YvGpzo3UTrPKmF7POfkkb85qqkf1,aseea@umsystem.edu,1710743339516
Z6ZdWEvA6lWCN60tSpSQngB3E3f1,sdegd@umsystem.edu,1709892166767
bXQ1nrBV91Xuok7X7ozBJuEiRnn2,nvr@umsystem.edu,1710741785754
c4p7qw9rhYWwtJr7ZHgVpqob37H2,test@gmail.com,1709513480995
ddNXs50MNSXWwaKGduWd0SRUABu1,techguru@umsystem.edu,1710742222252
izQcRNIkGxXagzcU3hgYJoNSgDG3,bala@uncsystem.edu,1710744092949
jEujtmDOfRRYh78QDtEaGJtEvui2,surya@uncsystem.edu,1710740719522
kEDrKnoMr1Oc4tbnKFyxmrzVD7C3,shshs@umsystem.edu,1710742462826
nAyqcakmLTNSIO7u1AijBjWXzxF2,anja@uncsystem.edu,1710744277048
oM8qDrlhPrXyae20oeN7iVwUe963,4g2@umsystem.edu,1710740447696
r8f8WcRAw9e2UBoH3ga46TYgcMV2,uuuuu@umsystem.edu,1710739337309
rISXr8Kib7T1rr2twGw5Vx0kTdI2,bbbaa@umsystem.edu,1710742857786
sVdUsfPqsYdFw5vnivvc58I0pzr1,test1@gmail.com,1709514701247
sfQCsOo2X4eNr0jZL48NA7UqVcj1,abcde@umsystem.edu,1709848130593
uY8blnitwod55pV7iYJZJPwMEQz2,khan@umsystem.edu,1710742044965
velIXQCjVBd8cPmW2dpFeOYsIPj2,4a1@usfsystem.edu,1710740890053
